source_dataset,axis,n,n_fibers,spearman_rho,spearman_p,strong_quartile_sign_accuracy,entropy_gain_nats,shuffle_p95_entropy_gain,entropy_excess_over_shuffle_p95,passes_axis_gate
NeurIPS_public_Tg_known_novel,rotatable_count_suppression,95,17,0.41235554892181436,3.291982370734968e-05,0.7,0.28836237651694124,0.3209452921355107,-0.032582915618569464,False
NeurIPS_public_Tg_known_novel,rotatable_density_suppression,95,17,0.4875558168626814,5.413373650908861e-07,0.75,0.2789723738422836,0.32977695360059844,-0.050804579758314816,False
NeurIPS_private_Tg_known_novel,rotatable_count_suppression,166,25,0.5819501767166179,1.98843364882416e-16,0.7857142857142857,0.28099104825100146,0.25488816936024894,0.026102878890752523,True
NeurIPS_private_Tg_known_novel,rotatable_density_suppression,166,25,0.6593545408248006,4.520909414425159e-22,0.8333333333333334,0.38416462745380536,0.25766856078350553,0.12649606667029983,True
NeurIPS_public_private_combined_Tg_known_novel,rotatable_count_suppression,261,36,0.5185306189300382,2.305029702933755e-19,0.7611940298507462,0.24968781890591085,0.24619746662803235,0.0034903522778785,True
NeurIPS_public_private_combined_Tg_known_novel,rotatable_density_suppression,261,36,0.5509848772226069,3.9945586296885636e-22,0.7803030303030303,0.2820368370639766,0.24359933189849436,0.03843750516548222,True
