source_dataset,source_type,axis,n,n_fibers,residual_n,spearman_rho,spearman_p,strong_quartile_sign_accuracy,entropy_gain_nats,shuffle_p95_entropy_gain,entropy_excess_over_shuffle_p95,passes_axis_gate
Leeds_PAEK_Tg_novel,polymer_repeat_copolymer_aggregate,mobility_suppression_count,78,7,78,0.7060604212058806,5.193037149489903e-13,0.8571428571428571,0.20813458487877484,0.10322399521551018,0.10491058966326466,True
Leeds_PAEK_Tg_novel,polymer_repeat_copolymer_aggregate,mobility_suppression_density,78,7,78,0.8284126078895999,8.102366933874014e-21,0.95,0.255198023954906,0.09742233453462316,0.1577756894202828,True
ViditAg_monomer_PPD_proxy_novel,monomer_proxy_lower_claim,mobility_suppression_count,848,8,848,0.4978979550601895,2.5318635286397198e-54,0.7955056179775281,0.1219689439020114,0.015264140052603953,0.10670480384940745,True
ViditAg_monomer_PPD_proxy_novel,monomer_proxy_lower_claim,mobility_suppression_density,848,8,848,0.49481381978636774,1.4204716626782692e-53,0.786046511627907,0.1439483318866278,0.013121707481809694,0.13082662440481813,True
RAK2315_small_molecule_offtarget,offtarget_small_molecules_excluded,mobility_suppression_count,368,18,366,0.06312185199732041,0.22833343527891292,0.5098039215686274,0.09617902304222414,0.07947961906681773,0.01669940397540641,False
RAK2315_small_molecule_offtarget,offtarget_small_molecules_excluded,mobility_suppression_density,368,18,366,0.1972532054133812,0.0001457802982224485,0.5989304812834224,0.09185876160181539,0.07782516373657725,0.01403359786523814,False
